Media Filename,Media Caption
media/A120CB8C-0ED7-472F-8818-B2AAAA793962.jpg,""
media/E5FC4C6A-ED3E-492C-AA2F-23CC993578C7.jpg,""
media/E31692A4-6C41-4FAE-8873-5A448415C6B3.mp4,""
media/0B61CCFC-C9E8-4244-847D-F62D3665C010.jpg,""
media/0976A6A1-5E13-4DCD-9E51-E946A4BEBF5B.jpg,""
media/C2BDEE7E-FB7A-4A91-8ECB-8E8655D2ECF3.jpg,""
media/833AE392-5655-4EAD-AC44-792CE4BC7E72.jpg,""
media/2EEE8123-7E3D-49C2-AD68-DA3640A906D6.jpg,""
media/E3E7E598-AD01-4476-8558-F95CAD8B1DFD.jpg,""
media/ACDA8CC1-78A2-4142-921A-279D83F6D8EB.jpg,""
media/B83F1D55-3F77-44B3-9792-65BF283012D6.jpg,""
media/1722F5D0-624B-4A57-9D2F-8AB64073CD4D.jpg,""
media/1BA2181C-1089-4255-837F-ABF7A404F062.jpg,""
media/B4DCF240-021C-41E2-9F9F-412B1E6BAB76.jpg,""
media/E905C4EE-13C1-4FC3-9AC0-B9FB06E60642.jpg,""
media/9F0C97AE-98A0-46C4-8742-6E135FB981EF.jpg,""
media/873CE9B7-0B33-4245-ABAD-F729C4E460BF.jpg,""
media/F09A0E9B-79BC-4E70-A43F-6AC0C38D578C.jpg,""
media/46406037-78D1-49B0-B29D-5BD474B0B6B5.jpg,""
media/3932BADE-EEF7-473A-9668-3965EB58E1C5.jpg,""
media/24E0DC21-FA20-4918-A2ED-5C54FA7963D6.jpg,""
media/1FAB5D11-80AC-4F88-8711-61F751DFF1F6.jpg,""
media/C7BF5DA5-D630-4E61-8BEF-E4C7A2584A36.jpg,""
media/284D41E5-3AE8-4790-9E1D-B4DD2A77EC64.jpg,""
media/3076C01D-7F77-46F1-BCDA-C1063D9A1DB7.jpg,""
media/29B09877-B5CF-4574-BAF5-04F4F898A8E5.jpg,""
media/A297B94B-6EDE-491E-9F7A-E84599E33D8C.jpg,""
media/2639BAFB-1FCB-45D1-8AF6-4BAE5713A614.jpg,""
media/A7379EEA-E3E4-4A09-A8FA-C584FE854AA5.jpg,""
media/0F103238-D80D-4445-927E-5081C6C4FA6D.jpg,""
media/85C99BB1-7457-4351-B42C-A794A3B91651.jpg,""
media/FA8CC25B-3731-4E63-A24A-030B59C271C0.jpg,""
media/17C012E6-726F-4CD1-A56F-ED6C1D7EC584.jpg,""
media/862B3F7E-E865-4A68-841B-082601EDA010.jpg,""
media/5CDE15C9-CC14-4E50-90CC-E01483F91681.jpg,""
media/81854B57-BE51-4F5A-AE9B-EF9D42743DCE.jpg,""
media/E5BEA2A7-12A0-4AE3-B839-15F58916FF76.jpg,""
media/8561A77E-455B-4B77-BE00-16AB0D9701A7.jpg,""
media/ABAB0D3C-F133-4CDB-B647-F1B053F9F2AE.jpg,""
media/3C75FF9C-74E0-4D79-9917-F6304AC5CB65.jpg,""
media/6D11B00D-417A-43D8-B637-F069466C677C.jpg,""
media/3E269E2D-B278-4F31-8E2D-C2004AA82E80.jpg,""
media/1AEA5CDA-845A-48D2-885A-EBF6CE3ECACB.jpg,""
media/7E227201-E814-4497-91BE-FDDDF2CF27E2.jpg,""
media/A62AC802-C39F-47A5-9622-EA45ABC0FBE5.jpg,""
media/5248DCD7-1131-4C9F-9489-AC6A5FC2644E.jpg,""
media/8ADE5C0E-3A33-46DF-9BA0-E09532EAC3F2.jpg,""
media/FA7B149D-0F23-4FC2-8AD1-42C6CA0A21B1.jpg,""
media/34949995-D5EF-40C3-BA6A-4F204157FA51.jpg,""
media/37867EF2-DF76-4E0F-B704-67E25EC05B79.jpg,""
media/0B4B7237-F3EB-4396-84EB-FEEBEF61510A.jpg,""
media/0DE91C81-BBF1-4AC3-A758-6AAC4C309273.jpg,""
media/877CF51B-C8CD-4E9D-A22F-EFD0B7256160.jpg,""
media/C3664CC7-12BE-4019-A64B-0934A3FF4577.jpg,""
media/CFD2A7C7-6FEC-46E9-9062-49BD405909A5.jpg,""
media/482773DC-BD97-41C4-B99E-DC1131BCD605.jpg,""
media/7C91DDAD-B882-4FA7-95C0-55AAC52B2597.jpg,""
media/4B5BAFED-B8D3-4C4C-AB80-C7E3FAF6C84D.jpg,""
media/65239BED-ADFF-4675-BAF9-D0756914A929.jpg,""
media/8E6CD5FE-B943-42D3-813F-0F5817A5BEAD.jpg,""
media/74805086-6622-4457-AE21-32933CDF6F47.jpg,""
media/A2888D0D-8236-4861-BB1B-B24D75D3081F.jpg,""
media/81E090FF-FDA1-4952-B40A-0A97487B14F7.jpg,""
media/C288900B-7BE8-4020-8095-D6F1A7BC2907.jpg,""
media/8C6BC2C0-4E1D-4AE0-84EE-A21C5FC2FEC5.jpg,""
media/22D43747-1AA6-4904-9074-C5B83711726F.jpg,""
media/E26328EA-4C0F-4292-81B6-FAE8954B91A4.jpg,""
media/D8EA6D91-0A03-4FD9-A7AE-4B0204D51F84.jpg,""
media/AD573A37-71BD-4F04-A50D-3B936EB2A48B.jpg,""
media/E593D282-71CF-417E-B7C7-D8AEF1C9F2C3.jpg,""
media/0C9A9847-B841-4E51-B95E-039B90235947.jpg,""
media/53372EC5-D47C-4C90-9252-38D9ABBD8180.jpg,""
media/282084B1-6F2F-4E8F-A4A4-08BD4E818F68.jpg,""
media/4BB42E36-9BA7-4FDC-ACA7-B30F13A0F0C0.jpg,""
media/0699E7C0-755F-4277-8890-9456B58DAC0A.jpg,Selfie of an adjacent selfie
media/0D042B21-3BAF-48B7-818B-4CDC5EF9382E.jpg,Multiple heads Ryan
media/54D1FB60-E09C-4A43-AADF-7307C158529A.jpg,Mooooose
media/1D0461A9-D0BB-45A4-9B37-754FB1212913.jpg,""
media/0E528744-C9D5-4A79-BDCD-68DF5226E77A.jpg,""
media/30BC435E-E216-4A84-88EA-3EA38B878C52.jpg,""
media/66525A13-ED62-4492-9A81-1958C5D5A142.jpg,""
media/768903D9-5A59-4FA4-BEE0-0D2B6464962F.jpg,""
media/E51FD790-BBFA-4B9E-A8B2-0A3FA6FC212F.jpg,""
media/BB02EA21-82D2-4643-B562-55DA8C761323.jpg,""
media/4B5BA9C6-1BA6-483F-9824-8950AFB72EC9.jpg,""
media/CE6FB690-887A-490D-8F00-B7E8011408C9.jpg,""
media/94E085A4-2160-4395-8AF5-901202BF38F9.jpg,""
media/8AE7D67A-3907-406E-B39D-DC2D26B5330D.jpg,""
media/E77133EA-B2DC-4644-8CA5-5266E17FCA38.jpg,""
media/D7A9A747-9BD1-4153-9081-27CBDE503608.jpg,""
media/E06D9995-B4D6-4587-9649-B23714E49127.jpg,""
media/63B05892-6058-435F-AA8E-B72E17DFDA6C.jpg,""
media/B9026405-06C8-49DF-90AD-77EBFB875ED6.jpg,""
media/058CFD63-03A0-4A6B-BD60-D81AEBB9F279.jpg,""
media/D9928F3F-0646-4121-B89F-8275B7B12B5B.jpg,""
media/E1D684D4-B0E7-4D1C-ACB8-D4B8DB8DE4F4.jpg,""
